{
  "project_info": {
    "project_number": "840389696670",
    "firebase_url": "https://skgram-4bfbc.firebaseio.com",
    "project_id": "skgram-4bfbc",
    "storage_bucket": "skgram-4bfbc.appspot.com"
  },
  "client": [
    {
      "client_info": {
        "mobilesdk_app_id": "1:840389696670:android:c66f1ef77e5c3a0b",
        "android_client_info": {
          "package_name": "com.skgram.sikkim"
        }
      },
      "oauth_client": [
        {
          "client_id": "840389696670-4ophbur7m31udttvb2762m5ail174klm.apps.googleusercontent.com",
          "client_type": 3
        }
      ],
      "api_key": [
        {
          "current_key": "AIzaSyBLK_CucAqGLtktd6EP2SwgA8ESDBH-MSA"
        }
      ],
      "services": {
        "analytics_service": {
          "status": 1
        },
        "appinvite_service": {
          "status": 1,
          "other_platform_oauth_client": []
        },
        "ads_service": {
          "status": 2
        }
      }
    }
  ],
  "configuration_version": "1"
}